,age,sex,bmi,children,smoker,region,charges
0,33,male,30.25,0,no,southeast,5213.215213791156
1,19,female,32.49,0,yes,northwest,35028.66346324165
2,50,male,37.07,1,no,southeast,10096.843678457937
3,41,female,32.6,3,no,southwest,9198.89307184294
4,52,female,24.86,0,no,southeast,11007.196187959127
5,39,male,32.34,2,no,southeast,7669.531125219199
6,50,male,32.3,2,no,southwest,10271.010268927776
7,52,male,32.775,3,no,northwest,11779.415700653784
8,60,male,32.8,0,yes,southwest,44359.632157934044
9,20,female,31.92,0,no,northwest,2922.511280821406
10,55,male,21.5,1,no,southwest,11131.692604043903
11,42,male,34.1,0,no,southwest,7292.4842847921955
12,18,female,30.305,0,no,northeast,2670.977464296747
13,58,female,36.48,0,no,northwest,12844.502662264618
14,43,female,32.56,3,yes,southeast,42359.03661950737
15,35,female,35.815,1,no,northwest,7283.929672780652
16,48,female,27.93,4,no,northwest,12012.823685337793
17,36,female,22.135,3,no,northeast,8705.39665862273
18,19,male,44.88,0,yes,southeast,33925.001923612406
19,23,female,23.18,2,no,northwest,4595.512083188144
20,20,female,30.59,0,no,northeast,3193.1875370042844
21,32,female,41.1,0,no,southwest,5514.4192047008755
22,43,female,34.58,1,no,northwest,9372.769963610803
23,34,male,42.13,2,no,southeast,6364.005943450355
24,30,male,38.83,1,no,southeast,4874.742951382565
25,18,female,28.215,0,no,northeast,2670.977464296747
26,41,female,28.31,1,no,northwest,8850.559890903265
27,35,female,26.125,0,no,northeast,7109.763082310816
28,57,male,40.37,0,no,southeast,11479.736086281604
29,29,female,24.6,2,no,southwest,5620.7897889450005
30,32,male,35.2,2,no,southwest,5571.11961455994
31,37,female,34.105,1,no,northwest,7806.13974548819
32,18,male,27.36,1,yes,northeast,18466.463636890105
33,43,female,26.7,2,yes,southwest,25459.88890728477
34,56,female,41.91,0,no,southeast,12051.616333374202
35,38,male,29.26,2,no,northwest,7679.102345048308
36,29,male,32.11,2,no,northwest,5329.15701786439
37,22,female,27.1,0,no,southwest,2903.3688411631883
38,52,female,24.13,1,yes,northwest,27906.343900181728
39,40,female,27.4,1,no,southwest,8048.10234218374
40,23,female,34.865,0,no,northeast,3976.502646065591
41,31,male,29.81,0,yes,southeast,20874.633750470628
42,42,female,41.325,1,no,northeast,9382.341183439912
43,24,female,29.925,0,no,northwest,3966.9314262364805
44,25,female,30.3,0,no,southwest,3686.683950224494
45,48,female,27.36,1,no,northeast,10948.971401562523
46,23,female,28.49,1,yes,southeast,20063.62158973956
47,45,male,23.56,2,no,northeast,9777.513855707568
48,20,male,35.625,3,yes,northwest,35791.3117561072
49,62,female,32.68,0,no,northwest,13888.922807679694
50,43,female,25.27,1,yes,northeast,25827.074829180692
51,23,female,28.0,0,no,southwest,3164.473877516957
52,31,female,32.775,2,no,northwest,6684.352374018294
53,41,female,21.755,1,no,northeast,9121.236147086143
54,58,female,32.395,1,no,northeast,13560.021765100211
55,48,female,36.575,0,no,northwest,10233.45229872693
56,31,female,21.755,0,no,northwest,5794.666680712862
57,19,female,27.93,3,no,northwest,3995.9347844257845
58,19,female,30.02,0,yes,northwest,35028.66346324165
59,41,male,33.55,0,no,southeast,7302.055504621305
60,40,male,29.355,1,no,northwest,7756.469571103129
61,31,female,25.8,2,no,southwest,6142.999861652538
62,37,male,24.32,2,no,northwest,7417.997308694539
63,46,male,40.375,2,no,northwest,9767.942635878459
64,22,male,32.11,0,no,northwest,2611.7360700825775
65,51,male,32.3,1,no,northeast,10899.301227177462
66,18,female,27.28,3,yes,southeast,19647.782101276145
67,35,male,17.86,1,no,northwest,6450.944389334285
68,59,female,34.8,2,no,southwest,13453.940879558062
69,36,male,33.4,2,yes,southwest,38982.79697874903
70,37,female,25.555,1,yes,northeast,24260.44461105808
71,59,male,37.1,1,no,southwest,12176.112749458978
72,36,male,30.875,1,no,northwest,6712.049425688054
73,39,male,34.1,2,no,southeast,7669.531125219199
74,18,male,21.47,0,no,northeast,1837.9921808503807
75,52,female,33.3,2,no,southwest,11626.20562508168
76,27,female,31.255,1,no,northwest,5195.089381950503
77,18,male,39.14,0,no,northeast,1837.9921808503807
78,40,male,25.08,0,no,southeast,7040.950468267536
79,29,male,37.29,2,no,southeast,5058.480761681512
80,46,female,34.6,1,yes,southwest,41981.989779080366
81,38,female,30.21,3,no,northwest,8956.93047514739
82,30,female,21.945,1,no,northeast,6249.080747194686
83,40,male,24.97,2,no,southeast,7930.6361615729675
84,50,male,25.3,0,no,southeast,9652.000831805222
85,20,female,24.42,0,yes,southeast,18835.46363402554
86,41,male,23.94,1,no,northeast,8288.250863639776
87,33,female,39.82,1,no,southeast,6491.043343890236
88,38,male,16.815,2,no,northeast,7949.778601231186
89,42,male,37.18,2,no,southeast,8452.846234280505
90,56,male,34.43,0,no,southeast,11218.631049927835
91,58,male,30.305,0,no,northeast,12282.19363500113
92,52,male,34.485,3,yes,northwest,44146.6729194278
93,20,female,21.8,0,yes,southwest,18564.787377842662
94,54,female,24.605,3,no,northwest,13134.61105680769
95,58,male,23.3,0,no,southwest,11470.164866452495
96,45,female,27.83,2,no,southeast,10069.146626788179
97,26,male,31.065,0,no,northwest,3656.156215497652
98,63,female,21.66,0,no,northeast,14420.70410021634
99,58,female,28.215,0,no,northwest,12844.502662264618
100,37,male,22.705,3,no,northeast,8133.516411530132
101,25,female,42.13,1,no,southeast,4402.203053060088
102,52,male,41.8,2,yes,southeast,43431.1538165922
103,64,male,36.96,2,yes,southeast,46564.41425283743
104,22,female,21.28,3,no,northwest,4779.249893487091
105,28,female,33.11,0,no,southeast,4740.675315468678
106,18,male,33.33,0,no,southeast,1296.6396684846247
107,28,male,24.3,5,no,southwest,5861.2280091030125
108,45,female,25.7,3,no,southwest,10243.313217258015
109,33,male,29.4,4,no,southwest,6721.910344219139
110,18,female,39.82,0,no,southeast,2129.6249519309913
111,32,male,33.63,1,yes,northeast,38305.56275522987
112,24,male,29.83,0,yes,northeast,19588.251008360003
113,19,male,19.8,0,no,southwest,1287.0684486555158
114,20,male,27.3,0,yes,southwest,17731.802094396295
115,40,female,29.3,4,no,southwest,9382.630882141888
116,34,female,27.72,0,no,southeast,6307.30553359129
117,42,female,37.9,0,no,southwest,8125.469568238563
118,51,female,36.385,3,no,northwest,12351.295947746383
119,54,female,27.645,1,no,northwest,12244.925363502258
120,55,male,37.715,3,no,northwest,12562.73080971509
121,52,female,23.18,0,no,northeast,11548.548700324884
122,32,female,20.52,0,no,northeast,6326.447973249509
123,28,male,37.1,1,no,southwest,4081.8566224921497
124,41,female,28.05,1,no,southeast,8579.883634720387
125,43,female,29.9,1,no,southwest,8831.417451245046
126,49,female,33.345,2,no,northeast,11654.919284569009
127,64,male,23.76,0,yes,southeast,29491.099950144995
128,55,female,30.5,0,no,southwest,11519.835040837555
129,24,male,31.065,0,yes,northeast,35771.87961774701
130,20,female,33.3,0,no,southwest,2381.1587684556507
131,45,male,27.5,3,no,southwest,9410.327933811648
132,26,male,33.915,1,no,northwest,4100.9990621503675
133,25,female,34.485,0,no,northwest,4228.036462590249
134,43,male,25.52,5,no,southeast,10048.47981059242
135,35,male,27.61,1,no,southeast,6180.268133151407
136,26,male,27.06,0,yes,southeast,19569.108568701784
137,57,male,23.7,0,no,southwest,11209.059830098726
138,22,female,30.4,0,no,northeast,3715.397609711822
139,32,female,29.735,0,no,northwest,6055.771717066631
140,39,male,29.925,1,yes,northeast,23949.66940031925
141,25,female,26.79,2,no,northwest,5117.722155895681
142,48,female,33.33,0,no,southeast,9962.776042544052
143,47,female,27.645,2,yes,northwest,27045.661565065606
144,18,female,21.66,0,yes,northeast,18854.606073683757
145,18,male,30.03,1,no,southeast,1741.4825151373404
146,61,male,36.3,1,yes,southwest,45065.58004094053
147,47,female,24.32,0,no,northeast,10243.023518556041
148,28,female,17.29,0,no,northeast,5282.027827834434
149,36,female,25.9,1,no,southwest,7003.682196768665
150,20,male,39.4,2,yes,southwest,34805.11639708873
151,44,male,34.32,1,no,southeast,8530.213460335326
152,38,female,19.95,2,no,northeast,8782.763884677554
153,19,male,34.9,0,yes,southwest,33654.325667429526
154,21,male,23.21,0,no,southeast,2079.9547775459305
155,46,male,25.745,3,no,northwest,10212.785482531173
156,58,male,25.175,0,no,northeast,12282.19363500113
157,20,male,22.0,1,no,southwest,1993.0163316620003
158,18,male,26.125,0,no,northeast,1837.9921808503807
159,28,female,26.51,2,no,southeast,5630.361008774109
160,33,male,27.455,2,no,northwest,6373.577163279464
161,19,female,25.745,1,no,northwest,3106.249091120353
162,45,male,30.36,0,yes,southeast,40713.732868810395
163,62,male,30.875,3,yes,northwest,46757.72328296549
164,25,female,20.8,1,no,southwest,4131.52679687721
165,43,male,27.8,0,yes,southwest,23737.217930532974
166,42,male,24.605,2,yes,northeast,25177.82735603327
167,24,female,27.72,0,no,southeast,3696.2551700536023
168,29,female,21.85,0,yes,northeast,21726.76147357521
169,32,male,28.12,4,yes,northwest,23185.786429618136
170,25,female,30.2,0,yes,southwest,36053.941168998506
171,41,male,32.2,2,no,southwest,7921.064941743858
172,42,male,26.315,1,no,northwest,8278.679643810667
173,33,female,26.695,0,no,northwest,6316.8767534204
174,34,male,42.9,1,no,southwest,5648.4868406147625
175,19,female,34.7,2,yes,southwest,35376.99664418133
176,30,female,23.655,3,yes,northwest,23051.71879370425
177,18,male,28.31,1,no,northeast,2282.835027503096
178,19,female,20.6,0,no,southwest,2120.053732101882
179,18,male,53.13,0,no,southeast,1296.6396684846247
180,35,male,39.71,4,no,northeast,8056.149185475311
181,39,female,26.315,2,no,northwest,8773.192664848444
182,31,male,31.065,3,no,northwest,6296.209937224643
183,62,male,26.695,0,yes,northeast,29510.242389803214
184,62,male,38.83,0,no,southeast,12785.261268050448
185,42,female,40.37,2,yes,southeast,41653.08873650088
186,31,male,25.935,1,no,northwest,5406.524243919212
187,61,male,33.535,0,no,northeast,13065.508744062436
188,42,female,32.87,0,no,northeast,8937.498336787197
189,51,male,30.03,1,no,southeast,10357.948714811706
190,23,female,24.225,2,no,northeast,4866.188339371022
191,52,male,38.6,2,no,southwest,10793.220341635313
192,57,female,25.74,2,no,southeast,13202.407063033403
193,23,female,33.4,0,no,southwest,3164.473877516957
194,52,female,44.7,3,no,southwest,12071.048471734395
195,50,male,30.97,3,no,northwest,11257.205627946247
196,18,female,31.92,0,no,northeast,2670.977464296747
197,18,female,36.85,0,no,southeast,2129.6249519309913
198,21,female,25.8,0,no,southwest,2642.2638048094195
199,61,female,29.07,0,yes,northwest,29811.446380712932
